Name,Price
Samsung Galaxy F22 (6GB/128GB) II Quad Camera 48MP II 9.4mm Thickness II Battery 6000 mAh,"Rs. 23,900"
Samsung Galaxy F22 / sAMOLED / 6000 mAh,"Rs. 20,299"
Samsung Galaxy M12 (6GB/128GB) II 6000 mAh Battery II 48MP Quad Camera,"Rs. 22,350"
Samsung Galaxy M32 (6GB/128GB) II 64 MP Quad Camera II 6000 mAh Battery II FHD+ SAMOLED Display,"Rs. 27,999"
"Samsung Galaxy A52s 5G (8GB/128GB) Super AMOLED 6.5"" Display II 64MP Quad Camera II IP67 Dust/Water Resistant (","Rs. 55,700"
Samsung Galaxy A03s (4GB/64GB) II Triple Camera 13MP II 9.1mm Thickness II 5000 mAh Battery,"Rs. 16,850"
Samsung A52s 5G 120Hz HD+ SAMOLED Display 64 MP Camera SD 778G Processor,"Rs. 55,999"
Samsung Galaxy M62 (6GB/128GB) (SM-M625F/DS) 7000mAh Battery (Free Earphones),"Rs. 39,199"
Samsung Galaxy A12 Nacho II Quad Camera 48MP II 6.5 inches PLS IPS Display II Battery 5000mAh,"Rs. 19,850"
SAMSUNG GALAXY M32 (4GB/64GB) (SM-M325F/DS) Li-Po 6000mAh BATTERY (EARPHONES FREE),"Rs. 24,999"
Samsung Galaxy M32 (6GB/128GB)(SM-M325F/DS)S-AMOLED Display(90HZ)6000mAh Battery(Free Earphones),"Rs. 27,999"
Samsung Galaxy M12 6000mAh battery Quad Camera 90 Hz Refresh Rate,"Rs. 18,490"
Samsung Galaxy A32 90Hz AMOLED Display 5000mAh Battery,"Rs. 31,999"
Samsung Galaxy A52 (8GB/128GB) (SM-A525F/DS) S-AMOLED Display (90Hz) On-Display Fingerprint 64MP Camera (Free Earphones),"Rs. 41,999"
Samsung Galaxy M62 / 7000 mAh / 64 MP / Super AMOLED +,"Rs. 42,499"
SAMSUNG A52 (8/128 GB),"Rs. 42,000"
Samsung Galaxy F22 (4GB/64GB) II Quad Camera 48MP II 6000 mAh Battery,"Rs. 20,499"
"Samsung Galaxy M52 5G (6GB/128GB) II sAMOLED 120Hz 6.7"" Display II Latest Snapdragon 778G II Battery Li-Ion 5000 mAh","Rs. 42,999"
Samsung Galaxy F42 5G (8GB/128GB) II Camera 64MP (Wide) II Battery 5000 mAh II,"Rs. 34,900"
Samsung Galaxy M32 6000 mAh Battery FHD+ SAMOLED display 64 MP Quad Camera,"Rs. 27,999"
Samsung Galaxy A03 Core 2 GB RAM 32 GB ROM,"Rs. 12,499"
"Samsung Galaxy A22 (6GB/128GB) II Super AMOLED 6.4 "" Display II Battery Li-Po 5000 mAh","Rs. 27,850"
"Samsung Galaxy A32 (Black 6GB RAM, 128GB Storage)","Rs. 32,000"
SAMSUNG M12 (4/64),"Rs. 18,500"
Samsung Galaxy A03 Core (2+32 GB),"Rs. 11,699"
"Samsung Galaxy M52 5G (8GB/128GB) II sAMOLED 120Hz 6.7"" Display II Latest Snapdragon 778G II Battery Li-Ion 5000 mAh","Rs. 45,999"
Samsung Galaxy M12 (4GB/64GB) II 6000 mAh Battery II 48MP Quad Camera,"Rs. 18,350"
SAMSUNG Galaxy A03s 3GB Ram/32GB Rom/ 5000 mah,"Rs. 15,499"
Samsung Galaxy A03 Core (2GB/32GB) II Battery Li-Ion 5000 mAh II 6.5 inches PLS TFT Display,"Rs. 11,900"
"Samsung M52 5G 6.7"" sAMOLED+ Display 64 MP Quad camera 7.4 mm Sleek Design SD 778G Processor","Rs. 45,999"
"Samsung Galaxy A32 (8GB/128GB) II Super AMOLED 6.4"" Display II 5000 mAh Battery","Rs. 34,900"
"Samsung Galaxy A03s (Blue, 3GB RAM, 32GB Storage)","Rs. 15,500"
SAMSUNG GALAXY M12 (6GB/128GB) (SM-M127G/DS) Li-Po 6000mAh BATTERY,"Rs. 22,499"
Galaxy F22 6GB/128GB,"Rs. 24,000"
Samsung Galaxy A03s (4GB/64GB),"Rs. 16,600"
Samsung Galaxy A03s (3GB/32GB),"Rs. 15,150"
SAMSUNG M02 (SM-M022G/DS) Li-Po 5000 mAh BATTERY,"Rs. 11,999"
"Samsung Galaxy A03s 3GB Ram 32GB Rom, 5000mAh, 32+2+2MP Camera","Rs. 15,499"
Samsung Galaxy A03s (3GB/32GB) II Triple Camera 13MP II 9.1mm Thickness II 5000 mAh Battery,"Rs. 15,499"
Samsung Galaxy F42 5G (8GB/128GB)(SM-E426B/DS)| 90Hz Refresh Rate| 64MP Camera| 5000mAh Battery| (Free Earphones),"Rs. 34,999"
Samsung Galaxy F22 (6GB/128GB) II Quad Camera 48MP II 9.4mm Thickness II Battery 6000 mAh,"Rs. 23,900"
Samsung Galaxy F22 / sAMOLED / 6000 mAh,"Rs. 20,299"
Samsung Galaxy M12 (6GB/128GB) II 6000 mAh Battery II 48MP Quad Camera,"Rs. 22,350"
Samsung Galaxy M32 (6GB/128GB) II 64 MP Quad Camera II 6000 mAh Battery II FHD+ SAMOLED Display,"Rs. 27,999"
"Samsung Galaxy A52s 5G (8GB/128GB) Super AMOLED 6.5"" Display II 64MP Quad Camera II IP67 Dust/Water Resistant (","Rs. 55,700"
Samsung Galaxy A03s (4GB/64GB) II Triple Camera 13MP II 9.1mm Thickness II 5000 mAh Battery,"Rs. 16,850"
Samsung A52s 5G 120Hz HD+ SAMOLED Display 64 MP Camera SD 778G Processor,"Rs. 55,999"
Samsung Galaxy M62 (6GB/128GB) (SM-M625F/DS) 7000mAh Battery (Free Earphones),"Rs. 39,199"
Samsung Galaxy A12 Nacho II Quad Camera 48MP II 6.5 inches PLS IPS Display II Battery 5000mAh,"Rs. 19,850"
SAMSUNG GALAXY M32 (4GB/64GB) (SM-M325F/DS) Li-Po 6000mAh BATTERY (EARPHONES FREE),"Rs. 24,999"
Samsung Galaxy M32 (6GB/128GB)(SM-M325F/DS)S-AMOLED Display(90HZ)6000mAh Battery(Free Earphones),"Rs. 27,999"
Samsung Galaxy M12 6000mAh battery Quad Camera 90 Hz Refresh Rate,"Rs. 18,490"
Samsung Galaxy A32 90Hz AMOLED Display 5000mAh Battery,"Rs. 31,999"
Samsung Galaxy A52 (8GB/128GB) (SM-A525F/DS) S-AMOLED Display (90Hz) On-Display Fingerprint 64MP Camera (Free Earphones),"Rs. 41,999"
Samsung Galaxy M62 / 7000 mAh / 64 MP / Super AMOLED +,"Rs. 42,499"
SAMSUNG A52 (8/128 GB),"Rs. 42,000"
Samsung Galaxy F22 (4GB/64GB) II Quad Camera 48MP II 6000 mAh Battery,"Rs. 20,499"
"Samsung Galaxy M52 5G (6GB/128GB) II sAMOLED 120Hz 6.7"" Display II Latest Snapdragon 778G II Battery Li-Ion 5000 mAh","Rs. 42,999"
Samsung Galaxy F42 5G (8GB/128GB) II Camera 64MP (Wide) II Battery 5000 mAh II,"Rs. 34,900"
Samsung Galaxy M32 6000 mAh Battery FHD+ SAMOLED display 64 MP Quad Camera,"Rs. 27,999"
Samsung Galaxy A03 Core 2 GB RAM 32 GB ROM,"Rs. 12,499"
"Samsung Galaxy A22 (6GB/128GB) II Super AMOLED 6.4 "" Display II Battery Li-Po 5000 mAh","Rs. 27,850"
"Samsung Galaxy A32 (Black 6GB RAM, 128GB Storage)","Rs. 32,000"
SAMSUNG M12 (4/64),"Rs. 18,500"
Samsung Galaxy A03 Core (2+32 GB),"Rs. 11,699"
"Samsung Galaxy M52 5G (8GB/128GB) II sAMOLED 120Hz 6.7"" Display II Latest Snapdragon 778G II Battery Li-Ion 5000 mAh","Rs. 45,999"
Samsung Galaxy M12 (4GB/64GB) II 6000 mAh Battery II 48MP Quad Camera,"Rs. 18,350"
SAMSUNG Galaxy A03s 3GB Ram/32GB Rom/ 5000 mah,"Rs. 15,499"
Samsung Galaxy A03 Core (2GB/32GB) II Battery Li-Ion 5000 mAh II 6.5 inches PLS TFT Display,"Rs. 11,900"
"Samsung M52 5G 6.7"" sAMOLED+ Display 64 MP Quad camera 7.4 mm Sleek Design SD 778G Processor","Rs. 45,999"
"Samsung Galaxy A32 (8GB/128GB) II Super AMOLED 6.4"" Display II 5000 mAh Battery","Rs. 34,900"
"Samsung Galaxy A03s (Blue, 3GB RAM, 32GB Storage)","Rs. 15,500"
SAMSUNG GALAXY M12 (6GB/128GB) (SM-M127G/DS) Li-Po 6000mAh BATTERY,"Rs. 22,499"
Galaxy F22 6GB/128GB,"Rs. 24,000"
Samsung Galaxy A03s (4GB/64GB),"Rs. 16,600"
Samsung Galaxy A03s (3GB/32GB),"Rs. 15,150"
SAMSUNG M02 (SM-M022G/DS) Li-Po 5000 mAh BATTERY,"Rs. 11,999"
"Samsung Galaxy A03s 3GB Ram 32GB Rom, 5000mAh, 32+2+2MP Camera","Rs. 15,499"
Samsung Galaxy A03s (3GB/32GB) II Triple Camera 13MP II 9.1mm Thickness II 5000 mAh Battery,"Rs. 15,499"
Samsung Galaxy F42 5G (8GB/128GB)(SM-E426B/DS)| 90Hz Refresh Rate| 64MP Camera| 5000mAh Battery| (Free Earphones),"Rs. 34,999"
Samsung Galaxy A52S 5G (6GB/128GB) (SM-A528B/DS) SNP-DRGN 778G 5G On-Display Fingerprint IP67 Rating (Free Earphones),"Rs. 52,499"
SAMSUNG Galaxy A52s 5G,"Rs. 52,600"
"Samsung Galaxy A03s 4GB Ram 64GB Rom, 5000mAh, 32+2+2MP Camera","Rs. 16,999"
Samsung Galaxy A52S 5G (8GB/128GB) (SM-A528B/DS) SNP-DRGN 778G 5G On-Display Fingerprint IP67 Rating (Free Earphones),"Rs. 54,499"
Samsung Galaxy A32 (8GB/128GB)(SM-A325F/DS) S-AMOLED Display (90Hz) On-Display Fingerprint 64MP Camera (Free Earphones),"Rs. 34,999"
Samsung A12(4/128),"Rs. 19,999"
Samsung Galaxy M62 (8GB/128GB) (SM-M625F/DS) 7000mAh Battery (Free Earphones),"Rs. 41,700"
"Samsung Galaxy A12 with 48 MP Quad Camera 6.53"" Display 5000 mAh Battery","Rs. 19,799"
"Samsung Galaxy F22 6GB Ram 128GB Rom, 6000mAh, 48MP+8MP+2MP+2MP Quad Camera","Rs. 23,999"
Samsung Galaxy M32 6000 mAh Battery FHD+ SAMOLED display 64 MP Quad Camera,"Rs. 27,699"
Samsung Galaxy F42 5G (6GB/128GB) II Camera 64MP (Wide) II Battery 5000 mAh II,"Rs. 31,999"
Samsung Galaxy Z Flip 3 17.02 cm (6.7 inch) Full HD+ Display,"Rs. 124,999"
"Samsung Galaxy A32 (6GB/128GB) II Super AMOLED 6.4"" Display II 5000 mAh Battery","Rs. 31,999"
"Samsung Galaxy S21 FE 5G (8GB/256GB) II 6.4 inches Dynamic AMOLED 2X, 120Hz Display","Rs. 89,900"
SAMSUNG A03S (4GB/64GB) (SM-A037F/DS) Li-Po 5000mAh BATTERY,"Rs. 16,999"
SAMSUNG GALAXY F22 (4GB/64GB) (SM-E225F/DS) Li-Po 6000mAh BATTERY,"Rs. 20,499"
Samsung Galaxy A22 (6GB/128GB) (SM-A225F/DS) S-AMOLED Display(90Hz) 5000mAh Battery 48MP Camera (Free Earphones),"Rs. 27,999"
SAMSUNG GALAXY F22 (6GB/128GB) (SM-E225F/DS) Li-Po 6000mAh BATTERY ( Free Earphones)),"Rs. 23,999"
Samsung F22(4/64),"Rs. 20,499"
SAMSUNG GALAXY A12 NACHO (4GB/128GB) (SM-A127F/DS) Li-Po 5000mAh BATTERY,"Rs. 19,999"
Samsung Galaxy A72 (8GB/128GB) (SM-A725F/DS) SNP-DRGN 720G On Display Fingerprint (Free Earphones),"Rs. 51,999"
Samsung Galaxy M51 (8GB/128GB) (SM/M515F/DSN) SNP-DRGN 730G 7000mAh Battery,"Rs. 42,680"
Samsung Galaxy M51 (6GB/128GB) (SM/M515F/DSN) SNP-DRGN 730G 7000mAh Battery,"Rs. 38,800"
SAMSUNG GALAXY M12 (4GB/64GB) (SM-M127G/DS) Li-Po 6000mAh BATTERY,"Rs. 18,499"
Samsung Galaxy A03 CORE (SM-A032F/DS) (2GB RAM/32GB ROM) Octa-Core Processor 5000mAh Battery,"Rs. 11,999"
Samsung A03s(4/64),"Rs. 16,999"
Samsung Galaxy A72 (8GB/256GB) (SM-A725F/DS) SNP-DRGN 720G On Screen Fingerprint ( Free Earphones),"Rs. 56,999"
Samsung F22(6/128GB),"Rs. 23,999"
Samsung F22 4/64 Gb,"Rs. 20,500"
Samsung Sm-b310e Barphone,"Rs. 2,850"
"Samsung Galaxy M02 (3GB RAM, 32GB ROM -5000mAh Battery - 13MP+2MP Dual Camera)","Rs. 12,999"
Samsung Galaxy A52 (8GB/128GB) (SM-A525F/DS) S-AMOLED Display (90Hz) On-Display Fingerprint 64MP Camera (Free Earphones),"Rs. 41,999"
Samsung A52s 5G 120Hz HD+ SAMOLED Display 64 MP Camera SD 778G Processor,"Rs. 55,799"
SAMSUNG Z FOLD 3 (512 GB),"Rs. 230,000"
Samsung Galaxy A03s (SM- A307F) II Triple Camera 13MP II 9.1mm Thickness II 5000 mAh Battery,"Rs. 15,350"
"Samsung Galaxy A72 (8GB/128GB) Super AMOLED Display 6.7"" Display 5000mAh Battery","Rs. 51,999"
"Samsung Galaxy Z Fold3 5G (12GB/256B) II 271g, 6.4mm thickness II Foldable Dynamic AMOLED 2X 77.6 inches Display","Rs. 227,000"
"Samsung Galaxy Z Flip3 5G (8GB/128GB) II 183g, 6.9mm thickness II Foldable Dynamic AMOLED 2X 6.7 inches Display","Rs. 123,000"
"Samsung Galaxy A52 (SM- A525F) Super AMOLED Display 6.5"" Display 4500 mAh Battery","Rs. 41,999"
Samsung Galaxy A32 6/128 GB,"Rs. 32,000"
Samsung Galaxy F42 5G (6GB/128GB)(SM-E426B/DS) 90Hz Refresh Rate 64MP Camera 5000mAh Battery (Free Earphones),"Rs. 31,999"
Samsung M62,"Rs. 39,999"
"Samsung Galaxy M52 5G with 120Hz AMOLED display, Snapdragon 778G","Rs. 48,999"
Samsung A03s(4/64),"Rs. 16,999"
Samsung Galaxy A22 6 GB RAM 128 GB ROM 48 MP Quad Camera,"Rs. 27,799"
SAMSUNG A03S (3GB/32GB) (SM-A037F/DS) Li-Po-5000 mAh BATTERY,"Rs. 15,499"
Samsung Galaxy M12,"Rs. 18,499"
"Samsung Galaxy F42 5G 6GB Ram 128GB Rom, 5000mAh, 64+5+2Mp Camera, 8MP Selfie","Rs. 31,990"
Samsung M02 2GB Ram/32GB Rom,"Rs. 11,999"
Samsung Galaxy F22 / 4GB RAM / 64GB ROM) / sAMOLED / 6000 mAh,"Rs. 20,499"
Samsung Galaxy A03 Core 2/32GB,"Rs. 12,000"
"Samsung Galaxy F42 5G 8GB Ram 128GB Rom, 5000mAh, 64+5+2Mp Camera, 8MP Selfie","Rs. 34,990"
"Samsung Galaxy A03s (Black,3/4GB RAM,32/64GB ROM,5000mAh)","Rs. 15,999"
"Samsung Galaxy M32 6GB Ram 128GB Rom, 6000mAh, 64MP+8MP+2MP+2MP Quad Camera , 20MP Selfie Camera","Rs. 27,990"
Samsung A52s 5G 8/128,"Rs. 55,999"
SAMSUNG Galaxy F22,"Rs. 20,300"
Samsung M32,"Rs. 25,000"
"Samsung Galaxy A22 6GB Ram 128GB Rom, 5000mAh, 48MP+8MP+2MP+2MP Quad Camera","Rs. 27,999"
Samsung Galaxy M52 5G SNP-DRGN 778 5G S-AMOLED Display(120Hz) 5000mAh Battery (Free Earphones),"Rs. 45,999"
Samsung A03 core(2/32),"Rs. 11,999"
Samsung Galaxy M02 / 3GB RAM / 32GB ROM / 5000mAh / 13MP+2MP Dual Camera,"Rs. 12,999"
Samsung Galaxy F22 (SM- E225F) / Quad Camera 48MP / 9.4mm Thickness / 6000 mAh,"Rs. 23,999"
Samsung Galaxy A52 SM-A525F/DS / 8GB / 128GB / S-AMOLED Display (90Hz) / 64MP Camera,"Rs. 41,999"
"Samsung Galaxy A32 8GB Ram 128GB Rom, 5000mAh, 64MP Quad Camera","Rs. 34,999"
Samsung M12 6GB Ram/128GB Rom,"Rs. 22,499"
"Samsung Galaxy A03s (SM- A037F) PLS LCD Display 6.5"", 5000 mAh Battery","Rs. 15,499"
Samsung M32(6/128Gb),"Rs. 27,999"
"Samsung Galaxy A72 with 64 MP Quad Camera 6.7"" Super AMOLED Display 5000 mAh Battery","Rs. 51,999"
"Samsung Galaxy F22 (4GB RAM, 64GB ROM) / sAMOLED / 6000 mAh","Rs. 20,499"
Samsung Galaxy A12 Nacho II Quad Camera 48MP II 6.5 inches PLS IPS Display II Battery 5000mAh,"Rs. 19,999"
Samsung Galaxy A12 Nacho II Quad Camera 48MP II 6.5 inches PLS IPS Display II Battery 5000mAh,"Rs. 19,999"
Samsung Galaxy A03s (3GB/32GB) II Triple Camera 13MP II 9.1mm Thickness II 5000 mAh Battery,"Rs. 15,499"
"Galaxy A12 (4GB RAM, Exynos850 Processor)","Rs. 19,999"
Samsung Galaxy F42 5G II Camera 64MP (Wide) II 8GB Ram/128GB Rom IIBattery 5000 mAh II Fingerprint (side-mounted),"Rs. 34,499"
"Samsung M52 5G 6.7"" sAMOLED+ Display 8GB Ram 128GB Rom 64 MP Quad camera 7.4 mm Sleek Design SD 778G Processor","Rs. 45,499"
Samsung Galaxy A03s / 3GB / 32GB / Triple Camera 13MP / 5000 mAh,"Rs. 15,499"
Samsung Galaxy A03s / 3GB / 32GB / Triple Camera 13MP / 5000 mAh,"Rs. 15,499"
Samsung Galaxy M12 6000 mAh battery Quad Camera 90 Hz Refresh Rate,"Rs. 22,499"
samsung m52 5G,"Rs. 46,000"
Samsung A12 4GB Ram /128GB Rom,"Rs. 19,999"
Samsung A03s(3/32),"Rs. 15,499"
"Samsung M52 5G 6.7"" sAMOLED+ Display 6GB Ram 128GB Rom 64 MP Quad camera 7.4 mm Sleek Design SD 778G Processor","Rs. 42,699"
Samsung F22(6/128),"Rs. 23,999"
Samsung Galaxy F42 5G I Camera 64MP (Wide) Battery 5000 mAh MT6833,"Rs. 31,999"
SAMSUNG Galaxy A03s,"Rs. 15,500"
Samsung Galaxy A03s (SM- A037F) II Triple Camera 13MP II 9.1mm Thickness II 5000 mAh Battery,"Rs. 15,499"
Samsung Galaxy M12 / 6GB / 128GB / 6000 mAh / 48MP Quad Camera,"Rs. 22,499"
Samsung Galaxy F22 / 6GB RAM / 128GB ROM / sAMOLED / 6000 mAh,"Rs. 23,999"
Samsung M12 4GB Ram /64GB Rom,"Rs. 18,499"
Samsung Galaxy A12 Nacho / Quad Camera 48MP / 6.5 inches PLS IPS Display / 5000mAh,"Rs. 19,999"
Samsung Galaxy F42 5G 6GB RAM & 128GB ROM,"Rs. 31,999"
"Samsung Galaxy M52 5G with 120Hz AMOLED display, Snapdragon 778G","Rs. 50,999"
Samsung Galaxy A03s (SM- A307F) II Triple Camera 13MP II 9.1mm Thickness II 5000 mAh Battery,"Rs. 15,499"
Samsung A80 (A805F) (8/128),"Rs. 49,999"
Samsung F22 6/128 GB,"Rs. 24,000"
Samsung galaxy m51 With super amoled display and snapdragon 730g(free delivery near us),"Rs. 39,999"
"Samsung Galaxy A52s 5G 6GB Ram 128GB Rom, 4500mAh, 64+12+5+5Mp Camera, 8MP Selfie","Rs. 55,600"
Samsung Galaxy A03 Core 2 GB RAM 32 GB RAM Black,"Rs. 11,999"
Samsung F42 5G (E426B) (8/128),"Rs. 34,999"
Samsung Piton (B310E),"Rs. 2,550"
Samsung Galaxy M52 5G (6GB/128GB)(SM-M526B/DS) SNP-DRGN 778 5G S-AMOLED Display(120Hz) 64MP Camera (Free Earphones),"Rs. 42,999"
Samsung A32 8GB Ram/128GB Rom,"Rs. 35,000"
SAMSUNG Galaxy M12,"Rs. 22,500"
Samsung Galaxy S21 FE (SM-G990E/DS) (8GB/256GB) IP68 Ratings Dynamic AMOLED 2X (120Hz),"Rs. 89,999"
Samsung A03s(3/32),"Rs. 15,499"
Samsung A72 8/256,"Rs. 56,599"
"Samsung Galaxy A72 Super AMOLED Display 6.7"" Display 5000 mAh (8 GB/256 GB)","Rs. 56,999"
Samsung A51 6GB/128GB,"Rs. 39,999"
"Samsung Galaxy M52 5G (6GB/128GB) II sAMOLED 120Hz 6.7"" Display II Latest Snapdragon 778G II Battery Li-Ion 5000 mAh","Rs. 42,999"
"Samsung Galaxy M52 5G (6GB/128GB) II sAMOLED 120Hz 6.7"" Display II Latest Snapdragon 778G II Battery Li-Ion 5000 mAh","Rs. 42,999"
"Samsung Galaxy A22 (6GB/128GB) II Super AMOLED 6.4 "" Display II Battery Li-Po 5000 mAh","Rs. 27,999"
"Samsung Galaxy A52s 5G (8GB/128GB) Super AMOLED 6.5"" Display II 64MP Quad Camera II IP67 Dust/Water Resistant","Rs. 55,999"
"Samsung Galaxy A22 (6GB/128GB) II Super AMOLED 6.4 "" Display II Battery Li-Po 5000 mAh","Rs. 27,999"
Samsung Galaxy M32 (6GB/128GB) II 64 MP Quad Camera II 6000 mAh Battery II FHD+ SAMOLED Display,"Rs. 27,999"
Samsung Galaxy M12 (6GB/128GB) II 6000 mAh Battery II 48MP Quad Camera,"Rs. 22,499"
Samsung Galaxy A12 Nacho II Quad Camera 48MP II 6.5 inches PLS IPS Display II Battery 5000mAh,"Rs. 19,999"
"Samsung Galaxy A52s 5G (8GB/128GB) Super AMOLED 6.5"" Display II 64MP Quad Camera II IP67 Dust/Water Resistant","Rs. 55,999"
Samsung Galaxy M12 (6GB/128GB) II 6000 mAh Battery II 48MP Quad Camera,"Rs. 22,499"
"Samsung Galaxy A52s 5G (8GB/128GB) Super AMOLED 6.5"" Display II 64MP Quad Camera II IP67 Dust/Water Resistant","Rs. 55,999"
Samsung M02 2GB Ram/32GB Rom black,"Rs. 11,999"
Samsung Galaxy A52 (8GB/128GB) (SM-A525F/DS) S-AMOLED Display (90Hz) On-Display Fingerprint 64MP Camera (Free Earphones),"Rs. 41,999"
"Samsung Galaxy F22 (6GB RAM, 128GB ROM) / sAMOLED / 6000 mAh","Rs. 23,999"
Samsung Galaxy A03s (3GB/32GB) II Triple Camera 13MP II 9.1mm Thickness II 5000 mAh Battery,"Rs. 15,499"
Samsung Galaxy S21 FE 5G 120HZ FHD+ 6.4 inch Display 12MP Main Camera Exynos 2100 Processor,"Rs. 89,999"
"Samsung M52 5G 6.7"" sAMOLED+ Display 64 MP Quad camera 7.4 mm Sleek Design SD 778G Processor","Rs. 42,999"
Samsung A03s (A037F) (4/64),"Rs. 16,999"
"Samsung Galaxy M52 5G / 6GB / 128GB /sAMOLED 120Hz 6.7"" / Snapdragon 778G / 5000 mAh","Rs. 55,999"
"Samsung Galaxy A22 / 6GB / 128GB / Super AMOLED 6.4 "" / 5000 mAh","Rs. 27,999"
SAMSUNG Galaxy A22,"Rs. 28,000"
"Samsung Galaxy A22 6GB Ram 128GB Rom, 5000mAh, 48MP Quad Camera","Rs. 27,999"
Samsung M62 (M625F) (6/128),"Rs. 39,999"
Samsung M12 (M127G) (4/64),"Rs. 18,499"
"Samsung Galaxy M52 5G / 6GB / 128GB /sAMOLED 120Hz 6.7"" / Snapdragon 778G / 5000 mAh","Rs. 42,999"
Samsung F42 5G 6/128 GB,"Rs. 31,999"
Samsung Galaxy A12 Nacho / Quad Camera 48MP / 6.5 inches PLS IPS Display / 5000mAh,"Rs. 19,999"
Samsung A03s 4/64 GB,"Rs. 16,999"
"Samsung Galaxy A03s (SM- A037F) PLS LCD Display 6.5"", 5000 mAh Battery","Rs. 15,499"
Samsung Galaxy A12 Nacho / Quad Camera 48MP / 6.5 inches PLS IPS Display / 5000mAh,"Rs. 19,999"
"Samsung Galaxy A12 with 48 MP Quad Camera 6.53"" Display 5000 mAh Battery","Rs. 19,999"
Samsung Galaxy M12 / 6GB / 128GB / 6000 mAh / 48MP Quad Camera,"Rs. 22,499"
"Samsung Galaxy A22 / 6GB / 128GB / Super AMOLED 6.4 "" / 5000 mAh","Rs. 27,999"
Samsung F42 5G 8/128,"Rs. 34,999"
Samsung Galaxy Z Fold2 (F916B) (12/256),"Rs. 209,999"
Samsung Galaxy Z Fold3 (F926B) (12/256),"Rs. 219,999"
Samsung Galaxy M32 SM-M325F/DS / 4GB / 64GB / 6000mAh Battery,"Rs. 24,999"
Samsung Galaxy M02 2GB RAM & 32GB ROM,"Rs. 12,200"
Samsung Galaxy S9+ (G965F) (6/64),"Rs. 87,900"
Samsung M51 (M515F) (8/128),"Rs. 43,999"
Samsung A32 (A325F) (8/128),"Rs. 34,999"
samsung A52s (5G) 6/128 GB,"Rs. 53,999"
Samsung A03 Core (A032F) (2/32),"Rs. 11,999"
Samsung M02 (M022F) (2/32),"Rs. 11,999"
Samsung Galaxy M02 / 2GB RAM / 32GB ROM,"Rs. 11,999"
Samsung Galaxy Z Flip3 (F711B) (8/256),"Rs. 124,999"
Samsung Galaxy Z Fold3 (F926B) (12/512),"Rs. 229,999"
Samsung Galaxy M32 / 6GB / 128GB / 64 MP Quad Camera / 6000 mAh / FHD+ SAMOLED,"Rs. 27,999"
Samsung A32 (A325F) (6/128),"Rs. 31,999"
Samsung M62 (M625F) (8/128),"Rs. 42,999"
Samsung Note 10 (N970F) (8/256),"Rs. 111,399"
Samsung Galaxy S8+ (G955F) (4/64),"Rs. 79,999"
Samsung A72 (A725F) (8/256),"Rs. 56,999"
"Samsung Galaxy A52s 5G / 8GB / 128GB / Super AMOLED 6.5""/ 64MP Quad Camera","Rs. 55,999"
"Samsung Galaxy A52s 5G (SM- A528B) Super AMOLED 6.5"" Display II 64MP Quad Camera II IP67 Dust/Water Resistant (","Rs. 53,999"
Samsung F42 5G (E426B) (6/128),"Rs. 31,999"
Samsung S21 FE 5G (G990E) (8/256),"Rs. 89,999"
Samsung Piton (B315E),"Rs. 2,850"
"Samsung Galaxy A52s 5G / 8GB / 128GB / Super AMOLED 6.5""/ 64MP Quad Camera","Rs. 55,999"
Samsung S10+ (G975F) (8/128),"Rs. 105,899"
Samsung Galaxy A52 SM-A525F/DS / 8GB / 128GB / S-AMOLED Display (90Hz) / 64MP Camera,"Rs. 41,999"
Samsung Galaxy A03S Mobile 3GB RAM 32GB ROM,"Rs. 15,699"
Samsung Note20 (N980F) (8/256),"Rs. 109,999"
Samsung Note 8 (N950F) (6/64),"Rs. 86,900"
Samsung S20+ (G985F) (8/128),"Rs. 104,899"
"Samsung Galaxy A52s 5G / 8GB / 128GB / Super AMOLED 6.5""/ 64MP Quad Camera","Rs. 55,999"
Samsung S21 (G991B) (8/256),"Rs. 109,999"
Samsung S21+ (G996B) (8/256),"Rs. 129,999"
Samsung S10 (G973F) (8/128),"Rs. 84,899"
Samsung Note 10 Lite (N770F) (8/128),"Rs. 58,999"
Samsung Galaxy Z Fold3 5G,"Rs. 219,999"
"Samsung Galaxy A03 Core, 2GB/32GB 5000 mAh Battery","Rs. 11,999"
Samsung Note 10+ (N975F) (12/256),"Rs. 129,599"
Samsung Galaxy M32 II 64 MP Quad Camera II 6000 mAh Battery II FHD+ SAMOLED Display,"Rs. 27,999"
Samsung Galaxy A32 90Hz AMOLED Display (6 GB /128 GB),"Rs. 31,699"
Samsung S21 Ultra (G998B) (12/256),"Rs. 154,999"
"SamsungGalaxy A03s (4GB/64GB,Blue)","Rs. 16,950"
"Samsung Galaxy M12 6GB Ram 128GB Rom, 6000mAh, 48MP Quad Camera","Rs. 22,490"
"SamsungGalaxy A03s (3GB/32GB,Blue)","Rs. 15,450"
Samsung Galaxy M12 6000 mAh battery Quad Camera 90 Hz Refresh Rate,"Rs. 18,499"
Samsung Galaxy A52 8 GB RAM/ 4G128 GB ROM 64 MP Quad camera Super AMOLED Display,"Rs. 41,999"
Samsung Galaxy M32 (4Gb/64Gb) (Sm-M325F/Ds) Li-Po 6000Mah Battery (Earphones Free),"Rs. 24,999"
"Samsung Galaxy A52s 5G (SM- A528B) Super AMOLED 6.5"" Display II 64MP Quad Camera II IP67 Dust/Water Resistant","Rs. 55,999"
Samsung A52 8GB Ram/128GB Rom,"Rs. 42,500"
Samsung Galaxy A52 8 GB RAM/ 128 GB ROM 64 MP Quad Camera Super AMOLED Display,"Rs. 41,999"
Samsung Galaxy A22(6/128GB),"Rs. 27,999"
Samsung Galaxy M32(6/128GB) 6000 mAh Battery FHD+ SAMOLED display 64 MP Quad Camera,"Rs. 27,999"
Samsung Galaxy A03s (SM- A037F) II Triple Camera 13MP II 9.1mm Thickness II 5000 mAh Battery,"Rs. 16,999"
Samsung Galaxy M51 [8GB RAM & 128 GB ROM] - 7000mAh Battery,"Rs. 44,000"
"Samsung Galaxy A12 (4GB RAM, 128GB ROM, 48 MP Camera, Exynos850 Processor)","Rs. 19,920"
"Samsung Galaxy M02 (SM- M022G/DS), Ram-2GB, Rom-32GB, Li-Po 5000 mAh Battery","Rs. 11,990"
Samsung Galaxy F22 / sAMOLED Display / 6000 mAh Battery / 25W Fast Charging,"Rs. 23,999"
